{
  "controlId": "RDP-001",
  "configurationName": "WH_RDP_001",
  "settingPath": "Computer Configuration\\Administrative Templates\\Windows Components\\Remote Desktop Services\\Remote Desktop Session Host\\Security",
  "setting": "Require user authentication for remote connections by using Network Level Authentication",
  "suggestedValue": "Enabled",
  "deploymentHint": "DSC: Registry (UserAuthentication=1) or LGPO import. Alt: Set-ItemProperty ...\\RDP-Tcp",
  "modules": [
    "PSDesiredStateConfiguration"
  ]
}