{
  "properties": {
    "displayName": "Deploy Azure Machine Configuration extension for Windows VMs",
    "policyType": "Custom",
    "mode": "Indexed",
    "description": "Deploys the Azure Machine Configuration (Guest Configuration) VM extension (AzurePolicyforWindows) on Azure native Windows VMs if missing.",
    "metadata": {
      "category": "Machine Configuration",
      "version": "1.0.0"
    },
    "parameters": {
      "effect": {
        "type": "String",
        "metadata": {
          "displayName": "Effect",
          "description": "DeployIfNotExists installs the extension when missing. AuditIfNotExists only audits. Disabled turns off the policy."
        },
        "allowedValues": [
          "DeployIfNotExists",
          "AuditIfNotExists",
          "Disabled"
        ],
        "defaultValue": "DeployIfNotExists"
      }
    },
    "policyRule": {
      "if": {
        "allOf": [
          {
            "field": "type",
            "equals": "Microsoft.Compute/virtualMachines"
          },
          {
            "field": "Microsoft.Compute/virtualMachines/storageProfile.osDisk.osType",
            "equals": "Windows"
          }
        ]
      },
      "then": {
        "effect": "[parameters('effect')]",
        "details": {
          "type": "Microsoft.Compute/virtualMachines/extensions",
          "name": "[concat(field('name'), '/AzurePolicyforWindows')]",
          "evaluationDelay": "AfterProvisioning",
          "existenceCondition": {
            "allOf": [
              {
                "field": "Microsoft.Compute/virtualMachines/extensions/publisher",
                "equals": "Microsoft.GuestConfiguration"
              },
              {
                "field": "Microsoft.Compute/virtualMachines/extensions/type",
                "equals": "ConfigurationforWindows"
              }
            ]
          },
          "roleDefinitionIds": [
            "/providers/Microsoft.Authorization/roleDefinitions/9980e02c-c2be-4d73-94e8-173b1dc7cf3c"
          ],
          "deployment": {
            "properties": {
              "mode": "incremental",
              "template": {
                "$schema": "https://schema.management.azure.com/schemas/2015-01-01/deploymentTemplate.json#",
                "contentVersion": "1.0.0.0",
                "parameters": {
                  "vmName": {
                    "type": "string"
                  },
                  "location": {
                    "type": "string"
                  }
                },
                "resources": [
                  {
                    "type": "Microsoft.Compute/virtualMachines/extensions",
                    "apiVersion": "2020-12-01",
                    "name": "[concat(parameters('vmName'), '/AzurePolicyforWindows')]",
                    "location": "[parameters('location')]",
                    "dependsOn": [
                      "[concat('Microsoft.Compute/virtualMachines/', parameters('vmName'))]"
                    ],
                    "properties": {
                      "publisher": "Microsoft.GuestConfiguration",
                      "type": "ConfigurationforWindows",
                      "typeHandlerVersion": "1.0",
                      "autoUpgradeMinorVersion": true,
                      "enableAutomaticUpgrade": true,
                      "settings": {},
                      "protectedSettings": {}
                    }
                  }
                ]
              },
              "parameters": {
                "vmName": {
                  "value": "[field('name')]"
                },
                "location": {
                  "value": "[field('location')]"
                }
              }
            }
          }
        }
      }
    }
  }
}