{
  "properties": {
    "displayName": "Ensure Azure Machine Configuration identities on Windows VMs (System + specified UAMI)",
    "policyType": "Custom",
    "mode": "Indexed",
    "description": "Ensures Azure native Windows VMs have a system-assigned managed identity (required by Machine Configuration) and a specified user-assigned managed identity (for package access).",
    "metadata": {
      "category": "Machine Configuration",
      "version": "1.0.0"
    },
    "parameters": {
      "userAssignedIdentityResourceId": {
        "type": "String",
        "metadata": {
          "displayName": "User-assigned managed identity resource ID",
          "description": "Resource ID of the pre-created UAMI to assign to matching VMs (e.g., for accessing the Machine Configuration package in Azure Storage)."
        }
      },
      "effect": {
        "type": "String",
        "metadata": {
          "displayName": "Effect",
          "description": "Modify adds the identities when missing. Disabled turns off the policy."
        },
        "allowedValues": [
          "modify",
          "disabled"
        ],
        "defaultValue": "modify"
      }
    },
    "policyRule": {
      "if": {
        "allOf": [
          {
            "field": "type",
            "equals": "Microsoft.Compute/virtualMachines"
          },
          {
            "field": "Microsoft.Compute/virtualMachines/storageProfile.osDisk.osType",
            "equals": "Windows"
          },
          {
            "value": "[requestContext().apiVersion]",
            "greaterOrEquals": "2018-10-01"
          },
          {
            "anyOf": [
              {
                "field": "identity.type",
                "exists": "false"
              },
              {
                "field": "identity.type",
                "notContains": "SystemAssigned"
              },
              {
                "field": "identity.type",
                "notContains": "UserAssigned"
              },
              {
                "field": "identity.userAssignedIdentities",
                "notContainsKey": "[parameters('userAssignedIdentityResourceId')]"
              }
            ]
          }
        ]
      },
      "then": {
        "effect": "[parameters('effect')]",
        "details": {
          "roleDefinitionIds": [
            "/providers/Microsoft.Authorization/roleDefinitions/9980e02c-c2be-4d73-94e8-173b1dc7cf3c",
            "/providers/Microsoft.Authorization/roleDefinitions/f1a07417-d97a-45cb-824c-7a7467783830"
          ],
          "conflictEffect": "audit",
          "operations": [
            {
              "operation": "addOrReplace",
              "field": "identity.type",
              "value": "SystemAssigned, UserAssigned"
            },
            {
              "operation": "addOrReplace",
              "field": "identity.userAssignedIdentities",
              "value": "[union(if(empty(field('identity.userAssignedIdentities')), createObject(), field('identity.userAssignedIdentities')), createObject(parameters('userAssignedIdentityResourceId'), createObject()))]"
            }
          ]
        }
      }
    }
  }
}