{
  "properties": {
    "displayName": "Windows Hardening - SECO-031 - Microsoft network server: Digitally sign communications (always)",
    "policyType": "Custom",
    "mode": "All",
    "description": "Applies Windows hardening setting SECO-031 (Local Policies\\Security Options / Microsoft network server: Digitally sign communications (always)) via Machine Configuration (Guest Configuration). Suggested: Enabled (SMB signing required for inbound SMB server traffic).",
    "metadata": {
      "category": "Machine Configuration",
      "version": "1.0.0",
      "controlId": "SECO-031",
      "configurationName": "WH_SECO_031",
      "guestConfiguration": {
        "name": "WH_SECO_031",
        "version": "1.0.0.0",
        "assignmentType": "ApplyAndAutoCorrect",
        "contentType": "Custom"
      }
    },
    "parameters": {
      "userAssignedIdentityResourceId": {
        "type": "String",
        "metadata": {
          "displayName": "User-assigned managed identity resource ID",
          "description": "Resource ID of the UAMI used by the VM to access the Machine Configuration package in Azure Storage (no SAS). The policy also validates this UAMI is assigned to the VM."
        }
      },
      "effect": {
        "type": "String",
        "metadata": {
          "displayName": "Effect",
          "description": "DeployIfNotExists creates/updates the Machine Configuration assignment. Disabled turns off the policy."
        },
        "allowedValues": [
          "DeployIfNotExists",
          "Disabled"
        ],
        "defaultValue": "DeployIfNotExists"
      }
    },
    "policyRule": {
      "if": {
        "allOf": [
          {
            "field": "type",
            "equals": "Microsoft.Compute/virtualMachines"
          },
          {
            "field": "Microsoft.Compute/virtualMachines/storageProfile.osDisk.osType",
            "equals": "Windows"
          },
          {
            "field": "Microsoft.Compute/virtualMachines/extensions[*].name",
            "equals": "AzurePolicyforWindows"
          },
          {
            "field": "identity.type",
            "contains": "SystemAssigned"
          },
          {
            "field": "identity.type",
            "contains": "UserAssigned"
          },
          {
            "field": "identity.userAssignedIdentities",
            "containsKey": "[parameters('userAssignedIdentityResourceId')]"
          }
        ]
      },
      "then": {
        "effect": "[parameters('effect')]",
        "details": {
          "roleDefinitionIds": [
            "/providers/Microsoft.Authorization/roleDefinitions/088ab73d-1256-47ae-bea9-9de8e7131f31"
          ],
          "type": "Microsoft.GuestConfiguration/guestConfigurationAssignments",
          "name": "[concat(field('name'), '/Microsoft.GuestConfiguration/', 'WH_SECO_031')]",
          "existenceCondition": {
            "field": "Microsoft.GuestConfiguration/guestConfigurationAssignments/complianceStatus",
            "equals": "Compliant"
          },
          "deployment": {
            "properties": {
              "mode": "incremental",
              "parameters": {
                "vmName": {
                  "value": "[field('name')]"
                },
                "location": {
                  "value": "[field('location')]"
                },
                "assignmentName": {
                  "value": "WH_SECO_031"
                },
                "userAssignedIdentityResourceId": {
                  "value": "[parameters('userAssignedIdentityResourceId')]"
                }
              },
              "template": {
                "$schema": "https://schema.management.azure.com/schemas/2015-01-01/deploymentTemplate.json#",
                "contentVersion": "1.0.0.0",
                "parameters": {
                  "vmName": {
                    "type": "string"
                  },
                  "location": {
                    "type": "string"
                  },
                  "assignmentName": {
                    "type": "string"
                  },
                  "userAssignedIdentityResourceId": {
                    "type": "string"
                  }
                },
                "resources": [
                  {
                    "apiVersion": "2024-04-05",
                    "type": "Microsoft.Compute/virtualMachines/providers/guestConfigurationAssignments",
                    "name": "[concat(parameters('vmName'), '/Microsoft.GuestConfiguration/', parameters('assignmentName'))]",
                    "location": "[parameters('location')]",
                    "properties": {
                      "guestConfiguration": {
                        "name": "WH_SECO_031",
                        "version": "1.0.0.0",
                        "assignmentType": "ApplyAndAutoCorrect",
                        "contentUri": "https://<storage-account>.blob.core.windows.net/<container>/WH_SECO_031.zip",
                        "contentHash": "__REPLACE_WITH_BASE64_SHA256__",
                        "contentType": "Custom",
                        "contentManagedIdentity": "[parameters('userAssignedIdentityResourceId')]"
                      }
                    }
                  }
                ]
              }
            }
          }
        }
      }
    }
  }
}