{
  "properties": {
    "displayName": "Azure Machine Configuration prerequisites for Windows Azure VMs (UAMI-enabled)",
    "policyType": "Custom",
    "description": "Installs the Machine Configuration extension and ensures required managed identity prerequisites (system-assigned identity + specified user-assigned identity) for Azure native Windows VMs.",
    "metadata": {
      "category": "Machine Configuration",
      "version": "1.0.0"
    },
    "parameters": {
      "userAssignedIdentityResourceId": {
        "type": "String",
        "metadata": {
          "displayName": "User-assigned managed identity resource ID",
          "description": "Resource ID of the UAMI to assign to matching VMs."
        }
      },
      "extensionEffect": {
        "type": "String",
        "metadata": {
          "displayName": "Extension policy effect",
          "description": "Effect for extension deployment policy."
        },
        "allowedValues": [
          "DeployIfNotExists",
          "AuditIfNotExists",
          "Disabled"
        ],
        "defaultValue": "DeployIfNotExists"
      },
      "identityEffect": {
        "type": "String",
        "metadata": {
          "displayName": "Identity policy effect",
          "description": "Effect for managed identity policy."
        },
        "allowedValues": [
          "modify",
          "disabled"
        ],
        "defaultValue": "modify"
      }
    },
    "policyDefinitions": [
      {
        "policyDefinitionReferenceId": "deployMachineConfigExtensionWindows",
        "policyDefinitionId": "/providers/Microsoft.Authorization/policyDefinitions/mc-deploy-extension-windows",
        "parameters": {
          "effect": {
            "value": "[parameters('extensionEffect')]"
          }
        }
      },
      {
        "policyDefinitionReferenceId": "ensureMachineConfigIdentitiesUami",
        "policyDefinitionId": "/providers/Microsoft.Authorization/policyDefinitions/mc-ensure-identities-uami",
        "parameters": {
          "userAssignedIdentityResourceId": {
            "value": "[parameters('userAssignedIdentityResourceId')]"
          },
          "effect": {
            "value": "[parameters('identityEffect')]"
          }
        }
      }
    ]
  }
}