{
  "properties": {
    "displayName": "Windows hardening via Machine Configuration (Azure VMs, UAMI package access)",
    "policyType": "Custom",
    "description": "Deploys one Machine Configuration assignment per Windows hardening setting to Azure native Windows VMs. Uses a user-assigned managed identity (UAMI) for package access to Azure Storage (no SAS). Each policy checks prerequisites (Machine Configuration extension + identities) before deploying the assignment.",
    "metadata": {
      "category": "Machine Configuration",
      "version": "1.0.0"
    },
    "parameters": {
      "userAssignedIdentityResourceId": {
        "type": "String",
        "metadata": {
          "displayName": "User-assigned managed identity resource ID",
          "description": "Resource ID of the UAMI used by VMs to access Machine Configuration packages in Azure Storage."
        }
      },
      "effect": {
        "type": "String",
        "metadata": {
          "displayName": "Effect for all package assignment policies",
          "description": "DeployIfNotExists deploys Machine Configuration assignments. Disabled turns off package deployment."
        },
        "allowedValues": [
          "DeployIfNotExists",
          "Disabled"
        ],
        "defaultValue": "DeployIfNotExists"
      }
    },
    "policyDefinitions": [
      {
        "policyDefinitionReferenceId": "wh_ACCT_001",
        "policyDefinitionId": "/providers/Microsoft.Authorization/policyDefinitions/wh-ACCT-001",
        "parameters": {
          "userAssignedIdentityResourceId": {
            "value": "[parameters('userAssignedIdentityResourceId')]"
          },
          "effect": {
            "value": "[parameters('effect')]"
          }
        }
      },
      {
        "policyDefinitionReferenceId": "wh_ACCT_002",
        "policyDefinitionId": "/providers/Microsoft.Authorization/policyDefinitions/wh-ACCT-002",
        "parameters": {
          "userAssignedIdentityResourceId": {
            "value": "[parameters('userAssignedIdentityResourceId')]"
          },
          "effect": {
            "value": "[parameters('effect')]"
          }
        }
      },
      {
        "policyDefinitionReferenceId": "wh_ACCT_003",
        "policyDefinitionId": "/providers/Microsoft.Authorization/policyDefinitions/wh-ACCT-003",
        "parameters": {
          "userAssignedIdentityResourceId": {
            "value": "[parameters('userAssignedIdentityResourceId')]"
          },
          "effect": {
            "value": "[parameters('effect')]"
          }
        }
      },
      {
        "policyDefinitionReferenceId": "wh_ACCT_004",
        "policyDefinitionId": "/providers/Microsoft.Authorization/policyDefinitions/wh-ACCT-004",
        "parameters": {
          "userAssignedIdentityResourceId": {
            "value": "[parameters('userAssignedIdentityResourceId')]"
          },
          "effect": {
            "value": "[parameters('effect')]"
          }
        }
      },
      {
        "policyDefinitionReferenceId": "wh_ACCT_005",
        "policyDefinitionId": "/providers/Microsoft.Authorization/policyDefinitions/wh-ACCT-005",
        "parameters": {
          "userAssignedIdentityResourceId": {
            "value": "[parameters('userAssignedIdentityResourceId')]"
          },
          "effect": {
            "value": "[parameters('effect')]"
          }
        }
      },
      {
        "policyDefinitionReferenceId": "wh_ACCT_006",
        "policyDefinitionId": "/providers/Microsoft.Authorization/policyDefinitions/wh-ACCT-006",
        "parameters": {
          "userAssignedIdentityResourceId": {
            "value": "[parameters('userAssignedIdentityResourceId')]"
          },
          "effect": {
            "value": "[parameters('effect')]"
          }
        }
      },
      {
        "policyDefinitionReferenceId": "wh_ACCT_007",
        "policyDefinitionId": "/providers/Microsoft.Authorization/policyDefinitions/wh-ACCT-007",
        "parameters": {
          "userAssignedIdentityResourceId": {
            "value": "[parameters('userAssignedIdentityResourceId')]"
          },
          "effect": {
            "value": "[parameters('effect')]"
          }
        }
      },
      {
        "policyDefinitionReferenceId": "wh_ACCT_008",
        "policyDefinitionId": "/providers/Microsoft.Authorization/policyDefinitions/wh-ACCT-008",
        "parameters": {
          "userAssignedIdentityResourceId": {
            "value": "[parameters('userAssignedIdentityResourceId')]"
          },
          "effect": {
            "value": "[parameters('effect')]"
          }
        }
      },
      {
        "policyDefinitionReferenceId": "wh_ACCT_009",
        "policyDefinitionId": "/providers/Microsoft.Authorization/policyDefinitions/wh-ACCT-009",
        "parameters": {
          "userAssignedIdentityResourceId": {
            "value": "[parameters('userAssignedIdentityResourceId')]"
          },
          "effect": {
            "value": "[parameters('effect')]"
          }
        }
      },
      {
        "policyDefinitionReferenceId": "wh_SECO_001",
        "policyDefinitionId": "/providers/Microsoft.Authorization/policyDefinitions/wh-SECO-001",
        "parameters": {
          "userAssignedIdentityResourceId": {
            "value": "[parameters('userAssignedIdentityResourceId')]"
          },
          "effect": {
            "value": "[parameters('effect')]"
          }
        }
      },
      {
        "policyDefinitionReferenceId": "wh_SECO_002",
        "policyDefinitionId": "/providers/Microsoft.Authorization/policyDefinitions/wh-SECO-002",
        "parameters": {
          "userAssignedIdentityResourceId": {
            "value": "[parameters('userAssignedIdentityResourceId')]"
          },
          "effect": {
            "value": "[parameters('effect')]"
          }
        }
      },
      {
        "policyDefinitionReferenceId": "wh_SECO_003",
        "policyDefinitionId": "/providers/Microsoft.Authorization/policyDefinitions/wh-SECO-003",
        "parameters": {
          "userAssignedIdentityResourceId": {
            "value": "[parameters('userAssignedIdentityResourceId')]"
          },
          "effect": {
            "value": "[parameters('effect')]"
          }
        }
      },
      {
        "policyDefinitionReferenceId": "wh_SECO_004",
        "policyDefinitionId": "/providers/Microsoft.Authorization/policyDefinitions/wh-SECO-004",
        "parameters": {
          "userAssignedIdentityResourceId": {
            "value": "[parameters('userAssignedIdentityResourceId')]"
          },
          "effect": {
            "value": "[parameters('effect')]"
          }
        }
      },
      {
        "policyDefinitionReferenceId": "wh_SECO_010",
        "policyDefinitionId": "/providers/Microsoft.Authorization/policyDefinitions/wh-SECO-010",
        "parameters": {
          "userAssignedIdentityResourceId": {
            "value": "[parameters('userAssignedIdentityResourceId')]"
          },
          "effect": {
            "value": "[parameters('effect')]"
          }
        }
      },
      {
        "policyDefinitionReferenceId": "wh_SECO_011",
        "policyDefinitionId": "/providers/Microsoft.Authorization/policyDefinitions/wh-SECO-011",
        "parameters": {
          "userAssignedIdentityResourceId": {
            "value": "[parameters('userAssignedIdentityResourceId')]"
          },
          "effect": {
            "value": "[parameters('effect')]"
          }
        }
      },
      {
        "policyDefinitionReferenceId": "wh_SECO_012",
        "policyDefinitionId": "/providers/Microsoft.Authorization/policyDefinitions/wh-SECO-012",
        "parameters": {
          "userAssignedIdentityResourceId": {
            "value": "[parameters('userAssignedIdentityResourceId')]"
          },
          "effect": {
            "value": "[parameters('effect')]"
          }
        }
      },
      {
        "policyDefinitionReferenceId": "wh_SECO_020",
        "policyDefinitionId": "/providers/Microsoft.Authorization/policyDefinitions/wh-SECO-020",
        "parameters": {
          "userAssignedIdentityResourceId": {
            "value": "[parameters('userAssignedIdentityResourceId')]"
          },
          "effect": {
            "value": "[parameters('effect')]"
          }
        }
      },
      {
        "policyDefinitionReferenceId": "wh_SECO_021",
        "policyDefinitionId": "/providers/Microsoft.Authorization/policyDefinitions/wh-SECO-021",
        "parameters": {
          "userAssignedIdentityResourceId": {
            "value": "[parameters('userAssignedIdentityResourceId')]"
          },
          "effect": {
            "value": "[parameters('effect')]"
          }
        }
      },
      {
        "policyDefinitionReferenceId": "wh_SECO_022",
        "policyDefinitionId": "/providers/Microsoft.Authorization/policyDefinitions/wh-SECO-022",
        "parameters": {
          "userAssignedIdentityResourceId": {
            "value": "[parameters('userAssignedIdentityResourceId')]"
          },
          "effect": {
            "value": "[parameters('effect')]"
          }
        }
      },
      {
        "policyDefinitionReferenceId": "wh_SECO_023",
        "policyDefinitionId": "/providers/Microsoft.Authorization/policyDefinitions/wh-SECO-023",
        "parameters": {
          "userAssignedIdentityResourceId": {
            "value": "[parameters('userAssignedIdentityResourceId')]"
          },
          "effect": {
            "value": "[parameters('effect')]"
          }
        }
      },
      {
        "policyDefinitionReferenceId": "wh_SECO_030",
        "policyDefinitionId": "/providers/Microsoft.Authorization/policyDefinitions/wh-SECO-030",
        "parameters": {
          "userAssignedIdentityResourceId": {
            "value": "[parameters('userAssignedIdentityResourceId')]"
          },
          "effect": {
            "value": "[parameters('effect')]"
          }
        }
      },
      {
        "policyDefinitionReferenceId": "wh_SECO_031",
        "policyDefinitionId": "/providers/Microsoft.Authorization/policyDefinitions/wh-SECO-031",
        "parameters": {
          "userAssignedIdentityResourceId": {
            "value": "[parameters('userAssignedIdentityResourceId')]"
          },
          "effect": {
            "value": "[parameters('effect')]"
          }
        }
      },
      {
        "policyDefinitionReferenceId": "wh_SECO_040",
        "policyDefinitionId": "/providers/Microsoft.Authorization/policyDefinitions/wh-SECO-040",
        "parameters": {
          "userAssignedIdentityResourceId": {
            "value": "[parameters('userAssignedIdentityResourceId')]"
          },
          "effect": {
            "value": "[parameters('effect')]"
          }
        }
      },
      {
        "policyDefinitionReferenceId": "wh_SECO_041",
        "policyDefinitionId": "/providers/Microsoft.Authorization/policyDefinitions/wh-SECO-041",
        "parameters": {
          "userAssignedIdentityResourceId": {
            "value": "[parameters('userAssignedIdentityResourceId')]"
          },
          "effect": {
            "value": "[parameters('effect')]"
          }
        }
      },
      {
        "policyDefinitionReferenceId": "wh_SECO_042",
        "policyDefinitionId": "/providers/Microsoft.Authorization/policyDefinitions/wh-SECO-042",
        "parameters": {
          "userAssignedIdentityResourceId": {
            "value": "[parameters('userAssignedIdentityResourceId')]"
          },
          "effect": {
            "value": "[parameters('effect')]"
          }
        }
      },
      {
        "policyDefinitionReferenceId": "wh_SECO_043",
        "policyDefinitionId": "/providers/Microsoft.Authorization/policyDefinitions/wh-SECO-043",
        "parameters": {
          "userAssignedIdentityResourceId": {
            "value": "[parameters('userAssignedIdentityResourceId')]"
          },
          "effect": {
            "value": "[parameters('effect')]"
          }
        }
      },
      {
        "policyDefinitionReferenceId": "wh_UAC_001",
        "policyDefinitionId": "/providers/Microsoft.Authorization/policyDefinitions/wh-UAC-001",
        "parameters": {
          "userAssignedIdentityResourceId": {
            "value": "[parameters('userAssignedIdentityResourceId')]"
          },
          "effect": {
            "value": "[parameters('effect')]"
          }
        }
      },
      {
        "policyDefinitionReferenceId": "wh_UAC_002",
        "policyDefinitionId": "/providers/Microsoft.Authorization/policyDefinitions/wh-UAC-002",
        "parameters": {
          "userAssignedIdentityResourceId": {
            "value": "[parameters('userAssignedIdentityResourceId')]"
          },
          "effect": {
            "value": "[parameters('effect')]"
          }
        }
      },
      {
        "policyDefinitionReferenceId": "wh_UAC_003",
        "policyDefinitionId": "/providers/Microsoft.Authorization/policyDefinitions/wh-UAC-003",
        "parameters": {
          "userAssignedIdentityResourceId": {
            "value": "[parameters('userAssignedIdentityResourceId')]"
          },
          "effect": {
            "value": "[parameters('effect')]"
          }
        }
      },
      {
        "policyDefinitionReferenceId": "wh_AUD_001",
        "policyDefinitionId": "/providers/Microsoft.Authorization/policyDefinitions/wh-AUD-001",
        "parameters": {
          "userAssignedIdentityResourceId": {
            "value": "[parameters('userAssignedIdentityResourceId')]"
          },
          "effect": {
            "value": "[parameters('effect')]"
          }
        }
      },
      {
        "policyDefinitionReferenceId": "wh_AUD_002",
        "policyDefinitionId": "/providers/Microsoft.Authorization/policyDefinitions/wh-AUD-002",
        "parameters": {
          "userAssignedIdentityResourceId": {
            "value": "[parameters('userAssignedIdentityResourceId')]"
          },
          "effect": {
            "value": "[parameters('effect')]"
          }
        }
      },
      {
        "policyDefinitionReferenceId": "wh_AUD_003",
        "policyDefinitionId": "/providers/Microsoft.Authorization/policyDefinitions/wh-AUD-003",
        "parameters": {
          "userAssignedIdentityResourceId": {
            "value": "[parameters('userAssignedIdentityResourceId')]"
          },
          "effect": {
            "value": "[parameters('effect')]"
          }
        }
      },
      {
        "policyDefinitionReferenceId": "wh_AUD_004",
        "policyDefinitionId": "/providers/Microsoft.Authorization/policyDefinitions/wh-AUD-004",
        "parameters": {
          "userAssignedIdentityResourceId": {
            "value": "[parameters('userAssignedIdentityResourceId')]"
          },
          "effect": {
            "value": "[parameters('effect')]"
          }
        }
      },
      {
        "policyDefinitionReferenceId": "wh_AUD_005",
        "policyDefinitionId": "/providers/Microsoft.Authorization/policyDefinitions/wh-AUD-005",
        "parameters": {
          "userAssignedIdentityResourceId": {
            "value": "[parameters('userAssignedIdentityResourceId')]"
          },
          "effect": {
            "value": "[parameters('effect')]"
          }
        }
      },
      {
        "policyDefinitionReferenceId": "wh_AUD_006",
        "policyDefinitionId": "/providers/Microsoft.Authorization/policyDefinitions/wh-AUD-006",
        "parameters": {
          "userAssignedIdentityResourceId": {
            "value": "[parameters('userAssignedIdentityResourceId')]"
          },
          "effect": {
            "value": "[parameters('effect')]"
          }
        }
      },
      {
        "policyDefinitionReferenceId": "wh_FW_001",
        "policyDefinitionId": "/providers/Microsoft.Authorization/policyDefinitions/wh-FW-001",
        "parameters": {
          "userAssignedIdentityResourceId": {
            "value": "[parameters('userAssignedIdentityResourceId')]"
          },
          "effect": {
            "value": "[parameters('effect')]"
          }
        }
      },
      {
        "policyDefinitionReferenceId": "wh_FW_002",
        "policyDefinitionId": "/providers/Microsoft.Authorization/policyDefinitions/wh-FW-002",
        "parameters": {
          "userAssignedIdentityResourceId": {
            "value": "[parameters('userAssignedIdentityResourceId')]"
          },
          "effect": {
            "value": "[parameters('effect')]"
          }
        }
      },
      {
        "policyDefinitionReferenceId": "wh_RDP_001",
        "policyDefinitionId": "/providers/Microsoft.Authorization/policyDefinitions/wh-RDP-001",
        "parameters": {
          "userAssignedIdentityResourceId": {
            "value": "[parameters('userAssignedIdentityResourceId')]"
          },
          "effect": {
            "value": "[parameters('effect')]"
          }
        }
      },
      {
        "policyDefinitionReferenceId": "wh_RDP_002",
        "policyDefinitionId": "/providers/Microsoft.Authorization/policyDefinitions/wh-RDP-002",
        "parameters": {
          "userAssignedIdentityResourceId": {
            "value": "[parameters('userAssignedIdentityResourceId')]"
          },
          "effect": {
            "value": "[parameters('effect')]"
          }
        }
      },
      {
        "policyDefinitionReferenceId": "wh_RDP_003",
        "policyDefinitionId": "/providers/Microsoft.Authorization/policyDefinitions/wh-RDP-003",
        "parameters": {
          "userAssignedIdentityResourceId": {
            "value": "[parameters('userAssignedIdentityResourceId')]"
          },
          "effect": {
            "value": "[parameters('effect')]"
          }
        }
      },
      {
        "policyDefinitionReferenceId": "wh_WINRM_001",
        "policyDefinitionId": "/providers/Microsoft.Authorization/policyDefinitions/wh-WINRM-001",
        "parameters": {
          "userAssignedIdentityResourceId": {
            "value": "[parameters('userAssignedIdentityResourceId')]"
          },
          "effect": {
            "value": "[parameters('effect')]"
          }
        }
      },
      {
        "policyDefinitionReferenceId": "wh_WINRM_002",
        "policyDefinitionId": "/providers/Microsoft.Authorization/policyDefinitions/wh-WINRM-002",
        "parameters": {
          "userAssignedIdentityResourceId": {
            "value": "[parameters('userAssignedIdentityResourceId')]"
          },
          "effect": {
            "value": "[parameters('effect')]"
          }
        }
      },
      {
        "policyDefinitionReferenceId": "wh_DEF_001",
        "policyDefinitionId": "/providers/Microsoft.Authorization/policyDefinitions/wh-DEF-001",
        "parameters": {
          "userAssignedIdentityResourceId": {
            "value": "[parameters('userAssignedIdentityResourceId')]"
          },
          "effect": {
            "value": "[parameters('effect')]"
          }
        }
      },
      {
        "policyDefinitionReferenceId": "wh_DEF_002",
        "policyDefinitionId": "/providers/Microsoft.Authorization/policyDefinitions/wh-DEF-002",
        "parameters": {
          "userAssignedIdentityResourceId": {
            "value": "[parameters('userAssignedIdentityResourceId')]"
          },
          "effect": {
            "value": "[parameters('effect')]"
          }
        }
      },
      {
        "policyDefinitionReferenceId": "wh_DEF_003",
        "policyDefinitionId": "/providers/Microsoft.Authorization/policyDefinitions/wh-DEF-003",
        "parameters": {
          "userAssignedIdentityResourceId": {
            "value": "[parameters('userAssignedIdentityResourceId')]"
          },
          "effect": {
            "value": "[parameters('effect')]"
          }
        }
      },
      {
        "policyDefinitionReferenceId": "wh_LOG_001",
        "policyDefinitionId": "/providers/Microsoft.Authorization/policyDefinitions/wh-LOG-001",
        "parameters": {
          "userAssignedIdentityResourceId": {
            "value": "[parameters('userAssignedIdentityResourceId')]"
          },
          "effect": {
            "value": "[parameters('effect')]"
          }
        }
      },
      {
        "policyDefinitionReferenceId": "wh_LOG_002",
        "policyDefinitionId": "/providers/Microsoft.Authorization/policyDefinitions/wh-LOG-002",
        "parameters": {
          "userAssignedIdentityResourceId": {
            "value": "[parameters('userAssignedIdentityResourceId')]"
          },
          "effect": {
            "value": "[parameters('effect')]"
          }
        }
      },
      {
        "policyDefinitionReferenceId": "wh_NET_001",
        "policyDefinitionId": "/providers/Microsoft.Authorization/policyDefinitions/wh-NET-001",
        "parameters": {
          "userAssignedIdentityResourceId": {
            "value": "[parameters('userAssignedIdentityResourceId')]"
          },
          "effect": {
            "value": "[parameters('effect')]"
          }
        }
      },
      {
        "policyDefinitionReferenceId": "wh_NET_002",
        "policyDefinitionId": "/providers/Microsoft.Authorization/policyDefinitions/wh-NET-002",
        "parameters": {
          "userAssignedIdentityResourceId": {
            "value": "[parameters('userAssignedIdentityResourceId')]"
          },
          "effect": {
            "value": "[parameters('effect')]"
          }
        }
      },
      {
        "policyDefinitionReferenceId": "wh_LSA_001",
        "policyDefinitionId": "/providers/Microsoft.Authorization/policyDefinitions/wh-LSA-001",
        "parameters": {
          "userAssignedIdentityResourceId": {
            "value": "[parameters('userAssignedIdentityResourceId')]"
          },
          "effect": {
            "value": "[parameters('effect')]"
          }
        }
      }
    ]
  }
}